Drake,1
Taylor Swift,2
Bad Bunny,3
The Weeknd,4
Justin Bieber,5
Ed Sheeran,6
Eminem,7
Travis Scott,8
Ariana Grande,9
Kanye West,10
Post Malone,11
Rihanna,12
J Balvin,13
Billie Eilish,14
BTS,15
Future,16
Kendrick Lamar,17
Ozuna,18
Juice WRLD,19
Bruno Mars,20
Nicki Minaj,21
Coldplay,22
Dua Lipa,23
XXXTENTACION,24
Chris Brown,25
Imagine Dragons,26
Daddy Yankee,27
21 Savage,28
David Guetta,29
Lil Wayne,30
Khalid,31
Lana Del Rey,32
Anuel AA,33
Lil Baby,34
Rauw Alejandro,35
Maroon 5,36
Beyoncé,37
KAROL G,38
Maluma,39
Calvin Harris,40
Lil Uzi Vert,41
J. Cole,42
SZA,43
Sia,44
Young Thug,45
Shawn Mendes,46
Myke Towers,47
Sam Smith,48
Feid,49
Lady Gaga,50
Queen,51
Farruko,52
Doja Cat,53
Harry Styles,54
One Direction,55
Adele,56
Shakira,57
Selena Gomez,58
Metro Boomin,59
Ty Dolla $ign,60
Linkin Park,61
Halsey,62
Katy Perry,63
Arijit Singh,64
Nicky Jam,65
Gunna,66
The Beatles,67
Arctic Monkeys,68
The Chainsmokers,69
Marshmello,70
Olivia Rodrigo,71
Wiz Khalifa,72
Miley Cyrus,73
Peso Pluma,74
Cardi B,75
Morgan Wallen,76
JAY-Z,77
A$AP Rocky,78
Camila Cabello,79
Pitbull,80
Frank Ocean,81
"Tyler, The Creator",82
DaBaby,83
Twenty One Pilots,84
Kygo,85
Quavo,86
Avicii,87
Sech,88
OneRepublic,89
Red Hot Chili Peppers,90
Junior H,91
Snoop Dogg,92
Disney,93
Michael Jackson,94
$uicideboy$,95
Trippie Redd,96
Arcángel,97
Playboi Carti,98
Tyga,99
Pritam,100
Jason Derulo,101
Mac Miller,102
Bebe Rexha,103
Elton John,104
50 Cent,105
Charlie Puth,106
Swae Lee,107
Tiësto,108
Demi Lovato,109
Pop Smoke,110
A Boogie Wit da Hoodie,111
YoungBoy Never Broke Again,112
Kodak Black,113
Romeo Santos,114
Manuel Turizo,115
Sebastian Yatra,116
Metallica,117
BLACKPINK,118
Big Sean,119
Die drei ???,120
JHAYCO,121
The Neighbourhood,122
Lil Peep,123
Migos,124
Daft Punk,125
Justin Timberlake,126
Luke Combs,127
P!nk,128
Ellie Goulding,129
Alan Walker,130
Diplo,131
G-Eazy,132
Polo G,133
DJ Snake,134
AC/DC,135
Natanael Cano,136
James Arthur,137
Bizarrap,138
Gucci Mane,139
Luis Miguel,140
Sean Paul,141
USHER,142
Marília Mendonça,143
Justin Quiles,144
Lil Durk,145
Don Omar,146
Panic! At The Disco,147
2 Chainz,148
Hozier,149
Henrique & Juliano,150
Duki,151
Nirvana,152
Offset,153
Kali Uchis,154
Tory Lanez,155
The Kid LAROI,156
Fall Out Boy,157
Kid Cudi,158
Akon,159
Zach Bryan,160
Roddy Ricch,161
Britney Spears,162
Lil Nas X,163
Fuerza Regida,164
Logic,165
Pharrell Williams,166
Anitta,167
Lewis Capaldi,168
Martin Garrix,169
NF,170
Green Day,171
Major Lazer,172
Lenny Tavárez,173
John Mayer,174
Joji,175
Flo Rida,176
Fleetwood Mac,177
Black Eyed Peas,178
Bob Marley & The Wailers,179
ROSALÍA,180
Sabrina Carpenter,181
mgk,182
Becky G,183
Don Toliver,184
Camilo,185
blackbear,186
Anne-Marie,187
5 Seconds of Summer,188
Wisin,189
Morat,190
Carin Leon,191
Macklemore,192
Lil Yachty,193
Bryson Tiller,194
Christian Nodal,195
Jorge & Mateus,196
Ne-Yo,197
Robin Schulz,198
Childish Gambino,199
ZAYN,200
Jack Harlow,201
Zara Larsson,202
Zedd,203
Megan Thee Stallion,204
2Pac,205
Dr. Dre,206
Lauv,207
Zion & Lennox,208
Guns N' Roses,209
Pink Floyd,210
Ava Max,211
The Rolling Stones,212
Banda MS de Sergio Lizárraga,213
Chance the Rapper,214
Miguel,215
French Montana,216
Mariah Carey,217
John Legend,218
Radiohead,219
Gorillaz,220
Michael Bublé,221
Little Mix,222
Meghan Trainor,223
Enrique Iglesias,224
Yandel,225
Lil Tjay,226
Skrillex,227
Reik,228
DJ Khaled,229
Gusttavo Lima,230
Jul,231
Rels B,232
Rick Ross,233
Melanie Martinez,234
Alicia Keys,235
Labrinth,236
Quevedo,237
Tame Impala,238
Tate McRae,239
ABBA,240
Daniel Caesar,241
System Of A Down,242
TWICE,243
Mora,244
Wisin & Yandel,245
Brent Faiyaz,246
Anirudh Ravichander,247
Meek Mill,248
Clean Bandit,249
Stray Kids,250
Alessia Cara,251
Florida Georgia Line,252
Eladio Carrion,253
Elvis Presley,254
Charli xcx,255
Kesha,256
Russ,257
Darell,258
blink-182,259
Creedence Clearwater Revival,260
Christina Aguilera,261
Foo Fighters,262
Troye Sivan,263
U2,264
PARTYNEXTDOOR,265
Lorde,266
Madonna,267
David Bowie,268
Frank Sinatra,269
Jhené Aiko,270
Luis Fonsi,271
Rammstein,272
The Killers,273
Ñengo Flow,274
Jonas Blue,275
Lil Tecca,276
The Notorious B.I.G.,277
Slipknot,278
Bastille,279
Ninho,280
Paramore,281
The 1975,282
Chencho Corleone,283
T-Pain,284
Tainy,285
Maria Becerra,286
Alok,287
Bon Jovi,288
Julia Michaels,289
Dalex,290
Grupo Frontera,291
Zé Neto & Cristiano,292
Kehlani,293
YG,294
Paulo Londra,295
Led Zeppelin,296
Bryant Myers,297
NAV,298
Jeremih,299
Bring Me The Horizon,300
The Lumineers,301
Oasis,302
Luis R Conriquez,303
Grupo Firme,304
Marc Anthony,305
De La Ghetto,306
Mitski,307
Jung Kook,308
Måneskin,309
Anderson .Paak,310
Tove Lo,311
Shreya Ghoshal,312
Chris Stapleton,313
Summer Walker,314
Steve Lacy,315
Aventura,316
Matheus & Kauan,317
Ludacris,318
Luke Bryan,319
Noah Kahan,320
My Chemical Romance,321
Conan Gray,322
Jonas Brothers,323
6ix9ine,324
Rita Ora,325
Muse,326
Jennifer Lopez,327
NATTI NATASHA,328
Wizkid,329
Niall Horan,330
Sfera Ebbasta,331
Nickelback,332
Bonez MC,333
6LACK,334
Jack Johnson,335
Florence + The Machine,336
Rae Sremmurd,337
Felix Jaehn,338
T.I.,339
Glass Animals,340
League of Legends,341
Maná,342
Yeat,343
Bruce Springsteen,344
Burna Boy,345
Whitney Houston,346
Juicy J,347
Lost Frequencies,348
Mac DeMarco,349
Piso 21,350
Avril Lavigne,351
Cartel De Santa,352
Mark Ronson,353
Kings of Leon,354
Giveon,355
Jess Glynne,356
El Alfa,357
Billy Joel,358
NLE Choppa,359
RAF Camora,360
Stevie Wonder,361
Timbaland,362
Prince Royce,363
ScHoolboy Q,364
Fetty Wap,365
Alejandro Fernández,366
Danny Ocean,367
Vance Joy,368
Alesso,369
Central Cee,370
The Script,371
Kevin Gates,372
Kelly Clarkson,373
Aerosmith,374
Disclosure,375
Steve Aoki,376
Kane Brown,377
TINI,378
MØ,379
R3HAB,380
Hans Zimmer,381
Maiara & Maraisa,382
Nate Dogg,383
Cigarettes After Sex,384
Mumford & Sons,385
SEVENTEEN,386
The Offspring,387
Bazzi,388
Calibre 50,389
Five Finger Death Punch,390
Plan B,391
Rex Orange County,392
H.E.R.,393
Backstreet Boys,394
Hailee Steinfeld,395
Amy Winehouse,396
Jay Wheeler,397
Brytiago,398
Cris Mj,399
Macklemore & Ryan Lewis,400
Johnny Cash,401
RAYE,402
DJ Luian,403
The Strokes,404
Eagles,405
Ski Mask The Slump God,406
Ricardo Arjona,407
Dave,408
Disturbed,409
Wesley Safadão,410
Alfredo Olivas,411
Chase Atlantic,412
Ryan Lewis,413
Lizzo,414
KHEA,415
Alejandro Sanz,416
Clairo,417
YNW Melly,418
Thomas Rhett,419
Juanes,420
Rod Wave,421
Jason Mraz,422
Bon Iver,423
Calum Scott,424
Nelly,425
Eslabon Armado,426
Avenged Sevenfold,427
Nicki Nicole,428
Pearl Jam,429
Three Days Grace,430
La Arrolladora Banda El Limón De Rene Camacho,431
iann dior,432
Joan Sebastian,433
Mambo Kingz,434
Moneybagg Yo,435
Alec Benjamin,436
Los Ángeles Azules,437
Galantis,438
Vicente Fernández,439
Jason Aldean,440
Capital Bra,441
Phil Collins,442
Tiago PZK,443
Bee Gees,444
Mustard,445
Dean Lewis,446
Cheat Codes,447
Noriel,448
Trey Songz,449
Fifth Harmony,450
The Police,451
Bryan Adams,452
Dire Straits,453
Céline Dion,454
MC Ryan SP,455
George Ezra,456
NewJeans,457
A.R. Rahman,458
JID,459
Jimin,460
Nio Garcia,461
Julión Álvarez y su Norteño Banda,462
Glee Cast,463
Ana Castela,464
Train,465
LANY,466
Gabito Ballesteros,467
Original Broadway Cast of Hamilton,468
The Smiths,469
Pablo Alborán,470
Luciano,471
B.o.B,472
Outkast,473
MGMT,474
Tom Odell,475
Lil Skies,476
A$AP Ferg,477
Nelly Furtado,478
Luan Santana,479
Bibi und Tina,480
Jesse & Joy,481
James Bay,482
Ricky Martin,483
benny blanco,484
X Ambassadors,485
The Cure,486
Becky Hill,487
TOMORROW X TOGETHER,488
MEDUZA,489
Lunay,490
Korn,491
Flume,492
Lin-Manuel Miranda,493
24kGoldn,494
Juan Gabriel,495
AJR,496
Dan + Shay,497
Cage The Elephant,498
Tones And I,499
Jax Jones,500
Deftones,501
Armin van Buuren,502
AFROJACK,503
Chief Keef,504
Lil Pump,505
Daya,506
will.i.am,507
Baby Keem,508
Grupo Marca Registrada,509
TV Girl,510
Damso,511
Jessie J,512
Soda Stereo,513
PnB Rock,514
Marvin Gaye,515
Foster The People,516
Journey,517
Carlos Vives,518
Lukas Graham,519
Nas,520
Cazzu,521
Lil Mosey,522
John Williams,523
LUDMILLA,524
Gera MX,525
Stormzy,526
Passenger,527
Gwen Stefani,528
Maren Morris,529
Depeche Mode,530
Swedish House Mafia,531
Madison Beer,532
Santa Fe Klan,533
Iggy Azalea,534
Sam Feldt,535
Oscar Maydon,536
Los Temerarios,537
Skillet,538
Sidhu Moose Wala,539
Bob Dylan,540
Gerardo Ortiz,541
Zac Brown Band,542
The Game,543
Los Tigres Del Norte,544
Paul McCartney,545
Amitabh Bhattacharya,546
GIMS,547
Rich The Kid,548
Seeb,549
Matuê,550
Weezer,551
Blake Shelton,552
Cosculluela,553
ILLENIUM,554
Ufo361,555
Iron Maiden,556
Limp Bizkit,557
Benson Boone,558
Hillsong Worship,559
James Blunt,560
Lil Jon,561
Kid Ink,562
José José,563
Jeremy Zucker,564
Juan Luis Guerra 4.40,565
PNL,566
Morad,567
Trueno,568
C. Tangana,569
Carly Rae Jepsen,570
The Doors,571
beabadoobee,572
DJ Nelson,573
The Cranberries,574
Marco Antonio Solís,575
CNCO,576
Dominic Fike,577
Lyanno,578
"Earth, Wind & Fire",579
Sigala,580
Phoebe Bridgers,581
Eric Church,582
Juan Magán,583
MARINA,584
Noah Cyrus,585
The Black Keys,586
Luísa Sonza,587
Tim McGraw,588
Gzuz,589
Pentatonix,590
Imanbek,591
Lord Huron,592
TOTO,593
Wale,594
Joey Bada$$,595
Rod Stewart,596
Tyler Childers,597
bbno$,598
El Fantasma,599
Sam Hunt,600